# Раскладка флеша 8 МБ: два слота приложения (под OTA), диск для хоста, «чёрный ящик»
# логов и coredump.
# Диск (msc) стоит там же, где был: 0x430000. Размер вырос с 0x170000 до 0x3B0000,
# место взято у второго слота OTA (app1): приложение занимает 0x98000, мегабайта
# с запасом хватает, а диск перестал быть «дискетой 1,44 МБ» — именно этот размер
# Windows принимала за гибкий диск и вешала драйвер sfloppy (буква A:, «Дискета»).
# diag — текстовые логи прошивки (idf/main/diag.c), читаются tools/idf_diag.py.
# Name,     Type, SubType,  Offset,   Size,     Flags
nvs,        data, nvs,      0x9000,   0x5000,
otadata,    data, ota,      0xe000,   0x2000,
phy_init,   data, phy,      0x10000,  0x1000,
app0,       app,  ota_0,    0x20000,  0x310000,
app1,       app,  ota_1,    0x330000, 0x100000,
msc,        data, spiffs,   0x430000, 0x3B0000,
diag,       data, 0x40,     0x7E0000, 0x10000,
coredump,   data, coredump, 0x7F0000, 0x10000,
